Player,Team,Pos,G,MP,DIS,Z_Hustle,Z_Defense,Z_Difficulty,Z_D_LEBRON
Anthony Davis,NOP,PF,75,2727,20.98420694,2.844797806,3.755292763,-0.692814059,1.366934235
Rudy Gobert,UTA,C,56,1816,19.43146842,1.082553448,2.013913668,-0.187193235,3.809937919
Draymond Green,GSW,PF,70,2287,18.41121083,2.325075507,1.761566803,0.409028767,2.139508049
Ben Simmons,PHI,PG,81,2732,17.63746845,1.971452427,2.639359067,0.452923094,1.481776288
Robert Covington,PHI,SF,80,2531,16.34396154,2.350391688,0.069109679,0.527289312,2.776359437
Joel Embiid,PHI,C,63,1912,16.09686739,1.028024456,3.38894287,0.06340532,1.481776288
Giannis Antetokounmpo,MIL,PF,75,2756,15.99467096,1.969538717,2.657150965,-0.396656127,1.346053861
Al Horford,BOS,C,72,2277,15.61898041,1.354098023,3.596516835,-0.251031815,0.980647327
Thaddeus Young,IND,PF,81,2607,15.26185937,3.389892965,0.345266793,0.001952365,1.408694981
Aron Baynes,BOS,C,81,1485,14.92824771,1.423325196,2.013253479,-0.173957471,1.962024876
LaMarcus Aldridge,SAS,C,75,2509,14.39706739,1.677963083,1.977882763,1.652524783,0.646561353
Jusuf Nurkic,POR,C,79,2088,14.33495693,1.813502573,0.990650496,-0.60599828,2.442273463
Karl-Anthony Towns,MIN,C,82,2918,14.15837671,3.193056921,0.475416233,0.570593777,0.8449249
Andre Drummond,DET,C,78,2625,14.1548004,2.358461623,-0.330315361,-0.115539935,2.692837944
Victor Oladipo,IND,SG,75,2552,14.13827192,2.62717301,0.115996775,0.492278721,1.742780955
Marc Gasol,MEM,C,73,2408,14.07203024,1.763466614,2.33714589,-0.565887622,1.262532368
Myles Turner,IND,C,65,1836,13.91188039,1.297131883,1.361205739,0.738161659,1.836742636
DeMarcus Cousins,NOP,C,48,1737,13.83252914,2.301119626,0.728690906,-0.226762525,1.815862262
Derrick Favors,UTA,C,77,2153,13.80558374,1.277590159,1.540062653,0.51268768,1.784541702
Clint Capela,HOU,C,74,2034,13.77256182,1.713892003,0.679123703,0.48919755,2.066426743
Ekpe Udoh,UTA,C,63,810,13.59065633,0.114626333,1.799547792,0.049535588,2.891201491
Salah Mejri,DAL,C,58,729,13.55040225,0.376783699,0.853603793,0.99143664,2.932962238
Dwight Powell,DAL,C,79,1672,13.20615135,1.477499501,0.759583266,1.222850122,1.680139835
Al-Farouq Aminu,POR,PF,69,2072,12.89182924,1.201007199,1.687821112,1.06324224,1.158130501
Kristaps Porzingis,NYK,PF,47,1553,12.22014142,0.965753448,1.785364871,1.257470902,0.991087514
Josh Richardson,MIA,SF,81,2689,12.21731598,2.125195658,0.815999447,0.134704431,1.199891248
Kyle Lowry,TOR,PG,78,2510,12.08675213,2.802349042,0.396520695,0.394744272,0.698762287
Amir Johnson,PHI,C,74,1170,12.07125717,0.575995365,2.00435544,0.403445711,1.575737968
Andre Roberson,OKC,SG,39,1037,11.77713525,0.14474811,0.651975163,0.212650439,3.131325785
Kyle Anderson,SAS,SF,74,1978,11.67421549,1.245006592,0.104034475,0.255739797,2.431833277
Willie Cauley-Stein,SAC,C,73,2044,11.66826797,1.708727147,1.3443984,-0.90546668,1.513096848
Marcin Gortat,WAS,C,82,2075,11.36393471,1.949535771,0.396247291,-0.281165774,1.648819275
Dwight Howard,CHA,C,81,2463,10.88484935,1.191313737,0.807033223,0.085082223,1.721900582
Jakob Poeltl,TOR,C,82,1524,10.80272529,1.192420808,1.051113047,-0.295159503,1.680139835
Anthony Tolliver,DET,PF,79,1757,10.6955297,1.34055261,2.007487554,-0.252328503,0.677881914
DeAndre Jordan,LAC,C,77,2424,10.45858934,0.942522064,1.813699673,0.834034389,0.615240793
Alex Len,PHX,C,69,1395,10.36671526,0.596943947,1.68493423,1.344464338,0.78228378
Nerlens Noel,DAL,C,28,472,10.33672837,-0.343420333,-0.697047945,2.790293517,2.974722984
Bam Adebayo,MIA,C,69,1368,10.109119,0.543125924,1.34940023,1.359344283,1.022408074
Jaylen Brown,BOS,SG,70,2152,10.08689962,1.026545797,1.370431431,0.175596635,1.105929568
Mason Plumlee,DEN,C,74,1440,10.04741802,1.183408648,0.889890654,0.156202573,1.346053861
Marquese Chriss,PHX,PF,72,1527,9.977480093,0.637147724,1.13811955,0.767503936,1.356494048
Eric Moreland,DET,PF,66,805,9.914731043,0.499385417,-0.181936588,-0.703340408,3.308808958
Larry Nance Jr.,CLE,C,66,1421,9.905686058,1.122065324,-0.118463099,0.236321711,2.160388423
Jayson Tatum,BOS,SF,80,2443,9.823194859,0.845666661,1.004002242,-0.238794611,1.711460395
Steven Adams,OKC,C,76,2487,9.72490675,2.153698978,1.26967264,0.416178932,-0.178213395
JaKarr Sampson,SAC,SF,22,344,9.702562955,-0.838821351,1.921109847,1.208041869,1.868063196
Jrue Holiday,NOP,SG,81,2927,9.695019014,2.205719055,0.649577096,0.072883792,0.448197806
John Collins,ATL,PF,74,1785,9.593137917,1.082047727,1.46982885,-0.513765553,1.147690314
Ricky Rubio,UTA,PG,77,2254,9.588956531,1.783931782,-0.808486061,0.331722632,1.920264129
Kosta Koufos,SAC,C,71,1391,9.566534466,0.496264304,1.87128866,0.451214561,0.907566021
Daniel Theis,BOS,C,61,936,9.403209384,0.114786559,1.634398444,0.435204648,1.440015542
Lonzo Ball,LAL,PG,52,1780,9.336718106,0.647405167,0.75505313,0.582411702,1.544417408
Pau Gasol,SAS,C,77,1812,9.252441436,0.772865318,1.084395339,0.102249993,1.356494048
Kyle O'Quinn,NYK,C,77,1387,9.151103022,0.774516781,0.555200349,0.412250813,1.607058529
Wesley Johnson,LAC,SF,73,1486,9.148550047,0.61719036,0.242946435,1.162103369,1.648819275
Dejounte Murray,SAS,PG,79,1743,9.146877554,1.053698819,-0.599518114,0.668940744,2.160388423
Ersan Ilyasova,PHI,PF,69,1730,9.030350002,2.232149616,0.251797355,-0.115090116,0.62568098
Hassan Whiteside,MIA,C,54,1364,8.991525298,0.349218326,1.096372796,-0.977433533,2.223029543
Dewayne Dedmon,ATL,C,62,1542,8.926959457,0.739512188,1.089770777,0.465018538,1.095489381
David West,GSW,C,73,999,8.743306595,0.385667365,1.863428089,-0.594122257,1.272972555
Kevon Looney,GSW,C,63,910,8.681394619,0.121281454,1.840951384,0.369323929,1.053728634
Pascal Siakam,TOR,PF,81,1679,8.648134854,0.897038217,0.631921631,0.079873747,1.419135168
Danny Green,SAS,SG,70,1791,8.517014055,0.923402671,0.223451168,0.704036572,1.377374421
Justise Winslow,MIA,PF,68,1680,8.334320992,0.75135361,1.146374421,-0.883310957,1.513096848
Brook Lopez,LAL,C,74,1735,8.205569533,1.25202585,1.311260039,-0.052859904,0.416877246
Jonas Valanciunas,TOR,C,77,1727,8.117064872,1.106336447,1.433285256,0.122303047,0.34379594
Dirk Nowitzki,DAL,C,77,1900,8.100942755,0.575149015,0.548284878,0.33120902,1.502656662
Blake Griffin,DET,PF,58,1970,7.824056689,1.21176453,1.973013415,1.217804101,-0.856825529
Paul Millsap,DEN,PF,38,1144,7.558660051,0.764713083,0.79215111,0.60398075,0.792723967
Nikola Vucevic,ORL,C,57,1683,7.480479583,0.86252088,0.548638275,-0.365440593,1.356494048
Marcus Smart,BOS,SG,54,1614,7.403768836,1.057412534,0.447526579,0.239130777,0.918006207
Jerami Grant,OKC,PF,81,1647,7.313482627,1.237813184,0.967862522,0.704863462,0.041030526
Tyson Chandler,PHX,C,46,1151,7.245738544,-0.098057613,1.111391897,1.150351985,1.011967887
Lucas Nogueira,TOR,C,48,418,7.233284547,-0.517752473,-0.246193322,0.026245652,3.120885598
Donovan Mitchell,UTA,SG,79,2638,7.177181869,1.152602394,1.343788782,-0.719101579,0.479518367
Luc Mbah a Moute,HOU,PF,61,1564,7.148412243,0.70488433,1.197873719,0.316825077,0.521279113
Nikola Jokic,DEN,C,75,2443,7.145231626,2.480261708,-1.558282556,-0.459048781,1.429575355
Jimmy Butler III,MIN,SG,59,2164,7.049797383,1.506438495,0.16115435,-0.167050585,0.792723967
Ed Davis,POR,C,78,1471,7.004650889,0.768821755,0.710338871,-0.472437238,1.210331434
Kelly Olynyk,MIA,PF,76,1779,6.807125719,1.754566965,-0.660212784,-1.063932161,1.596618342
Stanley Johnson,DET,SF,69,1894,6.794313536,0.68739442,0.753840941,-0.209105319,1.053728634
Jarrett Allen,BKN,C,72,1441,6.603794312,0.850541678,1.211155807,0.517270629,0.082791272
Otto Porter Jr.,WAS,SF,77,2432,6.51859275,1.446038332,-0.371963117,-0.347072504,1.210331434
Quincy Acy,BKN,PF,70,1359,6.510250662,1.47898618,0.218244642,0.769349639,0.124552019
Montrezl Harrell,LAC,C,76,1293,6.499172272,1.064195083,1.375547019,0.894650974,-0.491418995
Justin Holiday,CHI,SG,72,2265,6.354641536,1.025128594,0.45686,0.173375209,0.62568098
Taj Gibson,MIN,PF,82,2727,6.341381653,1.656838061,0.452594962,0.014884538,0.072351086
Joe Ingles,UTA,SF,82,2579,6.318123294,1.225627504,-0.117368076,0.203949728,0.876245461
Royce O'Neale,UTA,SF,66,1149,6.199385247,-0.14652673,1.309592946,0.219386274,1.011967887
P.J. Tucker,HOU,PF,82,2281,6.191622256,1.767723403,-1.001439158,0.404473842,0.928446394
John Henson,MIL,C,76,1970,6.162670502,1.084664057,-0.214530601,0.272734113,1.011967887
Delon Wright,TOR,PG,69,1433,6.134367157,0.731007987,1.403011471,-0.043415852,0.166312766
James Johnson,MIA,PF,73,1943,6.05609474,1.079704736,1.778067226,-0.770792314,-0.157333021
Andre Iguodala,GSW,SF,64,1622,6.029863584,0.360469899,1.233261255,0.138334487,0.552599673
Nene,HOU,C,52,758,5.968696953,0.033341404,1.088739401,-0.656866016,1.377374421
Harrison Barnes,DAL,PF,77,2634,5.742110151,1.118900858,1.255338612,0.835845036,-0.668902169
Dragan Bender,PHX,PF,82,2069,5.705016465,0.767928821,1.168611809,0.822389724,-0.251294701
Aaron Gordon,ORL,PF,58,1909,5.697390522,0.483177453,1.368248291,-0.28226287,0.416877246
Lance Thomas,NYK,PF,72,1353,5.620207853,0.119642037,2.533694669,-0.964407326,0.124552019
Jordan Bell,GSW,C,57,809,5.587346574,-0.026842823,0.354350365,0.516772069,1.335613675
Miles Plumlee,ATL,C,55,918,5.573060115,0.056030036,1.079773599,-0.700493689,1.252092181
Kemba Walker,CHA,PG,80,2736,5.571877513,2.359017703,0.251567792,-0.084925714,-0.668902169
JaVale McGee,GSW,C,65,616,5.451302446,-0.316617219,0.866643526,-0.808694333,1.815862262
Davis Bertans,SAS,PF,70,1086,5.334740108,-0.0020656,1.759560563,-0.017807465,0.322915566
Julius Randle,LAL,C,82,2190,5.281910893,1.113355629,1.533422406,0.807476066,-1.034308703
LeBron James,CLE,PF,82,3026,5.274197592,1.947843641,0.602179272,-0.630033791,-0.376576942
DeMarre Carroll,BKN,PF,73,2180,5.272785074,1.053686691,0.790787584,-0.430711532,0.260274446
T.J. McConnell,PHI,PG,74,1706,5.243788346,0.659506226,1.941966298,-0.431892408,-0.313935822
Sindarius Thornwell,LAC,SG,66,1156,5.186345942,0.225035572,0.282311518,1.264731286,0.636121167
Paul George,OKC,SF,79,2891,5.179800008,2.60430096,-1.240619176,-0.45881666,0.385556686
Brandon Ingram,LAL,SF,59,1975,5.03628512,0.520447752,1.353979513,0.144977323,-0.042490968
Russell Westbrook,OKC,PG,80,2914,5.023395586,1.823093992,-0.896291594,-0.702091805,0.949326767
Markieff Morris,WAS,PF,73,1968,5.006855778,0.907061424,0.534551182,0.028791982,0.302035193
Marvin Williams,CHA,PF,78,2006,4.984825966,0.920224015,0.713787679,0.190181723,0.051470712
Serge Ibaka,TOR,PF,76,2093,4.835703812,0.825338734,0.018025454,0.270840317,0.636121167
Kevin Durant,GSW,SF,68,2325,4.816261966,1.000857277,1.279245839,-0.35771912,-0.282615261
Carmelo Anthony,OKC,PF,78,2501,4.772083263,0.772947586,0.951211512,-0.115441394,0.082791272
CJ McCollum,POR,SG,81,2923,4.745684901,1.132640633,0.726398888,0.106911763,-0.209533955
Jonathan Isaac,ORL,PF,27,535,4.687035403,-0.22543298,-0.407831594,0.331225799,1.962024876
Maxi Kleber,DAL,PF,68,1206,4.550523743,0.339196741,-0.192570678,0.48526138,1.095489381
Fred VanVleet,TOR,PG,75,1520,4.499102761,0.698895048,0.679894021,0.449035112,0.009709966
James Harden,HOU,SG,72,2551,4.459343358,1.496076033,-0.308600923,0.329495833,0.082791272
Gorgui Dieng,MIN,C,79,1333,4.45619512,1.375976252,-0.847852245,0.589373093,0.521279113
Domantas Sabonis,IND,C,74,1810,4.426442293,0.851041324,0.474268698,-0.35444307,0.40643706
Taurean Prince,ATL,SF,82,2464,4.424430816,1.509086055,0.154872095,-0.095527175,-0.115572275
Thabo Sefolosha,UTA,SF,38,806,4.418406005,-0.200886807,0.226268132,0.1528741,1.408694981
Nikola Mirotic,NOP,PF,55,1494,4.230141363,0.84628764,1.075403779,-0.329274254,-0.167773208
Khris Middleton,MIL,SF,82,2982,4.203221351,2.20449827,-0.693740133,-0.177710122,-0.136452648
Ivica Zubac,LAL,C,41,410,4.178551275,-0.713649195,1.387803885,0.669511179,0.615240793
Gary Harris,DEN,SG,67,2304,4.132133229,1.178079636,-0.231585495,0.598109121,0.093231459
Cody Zeller,CHA,C,33,627,4.046407816,-0.46255324,1.020443253,-0.436048815,1.179010874
Brandan Wright,HOU,PF,28,381,4.020648777,-0.709254347,0.272167601,0.138886261,1.753221142
Maurice Harkless,POR,SF,57,1264,4.017415758,0.033483236,0.822179348,-0.615881001,0.928446394
Jarell Martin,MEM,PF,72,1661,3.939799506,0.709338145,0.701358089,0.290951487,-0.126012461
Rudy Gay,SAS,PF,57,1231,3.886861573,0.292136251,0.209442711,1.158228842,0.249834259
Derrick Williams,LAL,PF,1,9,3.828324386,-1.268045348,0.662705277,3.880856734,0.051470712
Michael Kidd-Gilchrist,CHA,SF,74,1850,3.814768659,0.736958347,-0.41110032,-0.49919027,1.126809941
Chris Paul,HOU,PG,58,1847,3.809660663,0.710020085,0.194711643,0.024100828,0.385556686
Udonis Haslem,MIA,C,13,72,3.742803161,-1.112453251,1.188231411,3.20055158,-0.230414328
Boban Marjanovic,LAC,C,37,338,3.741362021,-0.822114689,1.131920631,0.729129525,0.761403407
Richaun Holmes,PHI,C,48,746,3.673876945,-0.348528325,1.169435185,1.031666759,0.082791272
Allen Crabbe,BKN,SG,75,2192,3.656705114,0.474276638,1.407793586,0.355449588,-0.606261049
Shaquille Harrison,PHX,PG,21,384,3.539112088,-0.674512879,0.198127729,0.957558067,1.210331434
Mario Chalmers,MEM,PG,66,1421,3.511555072,0.813698651,-0.120389527,-0.274432217,0.59436042
Zaza Pachulia,GSW,C,69,972,3.467639143,0.261465191,-0.118955277,-0.934703989,1.460895915
Ian Mahinmi,WAS,C,77,1145,3.456861002,0.619596641,-0.008997826,-0.901797932,0.991087514
Joakim Noah,NYK,C,6,40,3.423669345,-1.205620756,0.462519225,3.548436089,0.187193139
Manu Ginobili,SAS,SG,63,1299,3.419578092,0.665150271,1.202852854,0.720955609,-0.888146089
Patrick Patterson,OKC,PF,82,1270,3.410988052,0.346644903,0.494921238,-0.098801368,0.427317433
OG Anunoby,TOR,SF,74,1482,3.382195872,0.301615004,0.79229115,0.081977952,0.124552019
Corey Brewer,OKC,SG,70,1208,3.33847758,0.945779406,0.048034191,-0.036828862,0.145432393
Tobias Harris,LAC,PF,80,2668,3.228339192,1.638037901,0.088206105,-0.329782605,-0.470538622
Wilson Chandler,DEN,SF,74,2346,3.204729636,0.552994525,0.432317294,0.332309366,-0.011170408
Scotty Hopson,DAL,SG,1,8,3.142032083,-1.25461542,-0.004006698,4.173569328,0.218513699
Andrew Harrison,MEM,PG,56,1326,3.096459119,0.647874222,0.754479637,-0.132481636,-0.178213395
Dario Saric,PHI,PF,77,2310,3.057705469,1.082472065,0.16570569,0.371384289,-0.387017128
Bismack Biyombo,ORL,C,82,1495,3.045736938,0.504221025,0.305636135,-0.488141798,0.50039874
Robin Lopez,CHI,C,64,1690,2.969661434,0.624412471,0.313115291,-0.562022845,0.385556686
Greg Monroe,BOS,C,51,1041,2.965729198,0.275403954,0.471964248,-0.110495187,0.3751165
Eric Bledsoe,MIL,PG,73,2322,2.937686898,1.738675839,-0.250671098,0.007011648,-0.554060115
Mike Muscala,ATL,C,52,1060,2.866194119,0.146331486,0.666799218,0.25769704,0.124552019
James Ennis III,DET,SF,72,1604,2.85975358,0.243293127,0.470795294,0.615837378,0.009709966
Trevor Booker,IND,PF,68,1158,2.73408728,0.114160985,0.292094247,0.127662032,0.489958553
Damian Lillard,POR,PG,73,2670,2.674142215,1.072841582,0.484475825,-0.333706018,-0.418337688
Michael Carter-Williams,CHA,PG,52,835,2.671045116,-0.181716554,-0.310254463,-0.28145158,1.471336102
Tyler Zeller,MIL,C,65,1113,2.662341365,0.474406471,-0.158775808,-0.599142152,0.8449249
Jeff Withey,DAL,C,10,39,2.598354423,-1.23592304,1.231213897,1.652390681,0.249834259
Kyle Kuzma,LAL,PF,77,2401,2.53155766,1.148576577,1.27187004,-0.305647694,-1.211791876
Kent Bazemore,ATL,SG,65,1789,2.518255678,0.960112234,-1.175422512,0.069561117,0.824044527
Nemanja Bjelica,MIN,PF,67,1371,2.498575439,0.337922503,0.832841955,-1.04E-05,-0.199093768
Josh Huestis,OKC,PF,64,981,2.490494491,-0.331841495,1.420774494,-0.042484396,-0.000730221
Andrew Wiggins,MIN,SF,82,2979,2.458111159,1.247170419,-0.064895171,0.256276917,-0.501859182
Spencer Dinwiddie,BKN,PG,80,2306,2.443815042,0.836491272,-0.843847227,-0.139286912,0.75096322
Tomas Satoransky,WAS,SG,71,1643,2.369925438,0.543054593,0.83873596,-0.756429104,-0.073811528
Trey Lyles,DEN,PF,73,1391,2.367717272,0.393061635,0.460336381,0.360674025,-0.167773208
Tarik Black,HOU,C,50,536,2.342296472,-0.423393872,0.917935758,-0.101491312,0.489958553
Ish Smith,DET,PG,82,2043,2.315834815,1.125357989,0.444359107,-0.694270731,-0.376576942
Zach Collins,POR,C,64,1046,2.244586224,-0.126528443,0.846116673,-0.202176019,0.270714633
Evan Turner,POR,SF,79,2034,2.224489316,0.351265795,0.554745142,0.066150226,-0.105132088
Alex Caruso,LAL,PG,35,562,2.143822557,-0.509763167,0.329570052,0.752497858,0.573480047
George Hill,CLE,PG,67,1812,2.123109438,0.576660638,0.249879916,-0.173801442,0.009709966
Skal Labissiere,SAC,PF,60,1240,2.085009034,0.194746047,0.062129099,0.292895044,0.302035193
Enes Freedom,NYK,C,71,1830,1.886195439,0.759399018,-0.164590198,-0.194360706,0.103671646
Thon Maker,MIL,C,73,1238,1.831953502,0.620529096,-0.520194144,-0.007400484,0.427317433
Trevor Ariza,HOU,SF,66,2269,1.761183451,0.998839407,-1.346988853,0.441507803,0.489958553
Willie Reed,DET,C,40,428,1.727958429,-0.198198109,0.184847223,-1.326535684,1.283412741
Gian Clavell,DAL,SG,7,64,1.725282778,-1.196341903,0.24900711,2.52379009,0.302035193
Josh Magette,ATL,PG,15,216,1.716712509,-0.921516729,0.278279635,1.418509725,0.552599673
Khem Birch,ORL,C,39,578,1.679537398,-0.414594317,0.348723933,-0.677142469,1.022408074
Dwyane Wade,MIA,SG,67,1536,1.67144457,0.359340112,0.963458265,-0.436113362,-0.387017128
DeMar DeRozan,TOR,SG,80,2712,1.636836201,0.70914011,0.427583229,0.339870283,-0.689782542
Cameron Payne,CHI,PG,25,582,1.605507788,-0.553593358,0.426632707,0.799759224,0.333355753
Omri Casspi,GSW,SF,52,742,1.54256272,-0.673804454,1.207396344,-0.031609839,0.197633326
Timofey Mozgov,BKN,C,31,359,1.534630778,-0.75406269,0.66452227,-0.474978085,0.949326767
Travis Wear,LAL,SF,17,228,1.408043777,-0.991054854,0.846226784,0.739314212,0.385556686
Noah Vonleh,CHI,PF,54,876,1.338065198,-0.356402191,0.269160199,-1.180893859,1.168570688
Pat Connaughton,POR,SG,82,1488,1.299532506,0.004937221,1.522501595,-0.092653278,-0.794184409
Denzel Valentine,CHI,SG,77,2095,1.217917881,0.85890897,-0.321237997,-0.452537076,0.041030526
T.J. Warren,PHX,SF,65,2142,1.182804006,0.538490922,1.265302206,0.548310237,-1.472796544
Wesley Matthews,DAL,SF,63,2131,1.179990406,0.805913537,-0.648927352,0.341360718,-0.042490968
John Wall,WAS,PG,41,1410,1.15907406,0.315646013,0.778072781,-0.590133431,-0.282615261
Josh Hart,LAL,SG,62,1460,1.153729459,0.313928332,-0.003602689,0.983976168,-0.418337688
Tim Hardaway Jr.,NYK,SG,57,1885,1.152483105,0.854540954,0.390161871,0.185262556,-0.888146089
JaMychal Green,MEM,PF,55,1542,1.148476497,0.271577867,0.594650433,0.130727706,-0.449658248
Cory Joseph,IND,PG,82,2210,1.055921036,1.079913196,-0.782786933,0.142551525,-0.146892835
Corey Brewer,OKC,SG,70,1208,1.049273823,0.945779406,-0.867647312,-0.036828862,0.145432393
Joel Bolomboy,MIL,PF,6,38,1.035803844,-1.217017693,-0.325266856,4.440716964,-0.387017128
RJ Hunter,HOU,SG,4,45,0.964499466,-1.206190395,1.015396756,3.014062447,-0.825504969
Jae Crowder,UTA,SF,80,2090,0.920880362,0.763997598,0.052714092,-0.374060131,-0.313935822
Klay Thompson,GSW,SG,73,2504,0.903800752,0.520495035,0.677734602,0.542364248,-1.055189076
Ryan Anderson,HOU,PF,66,1725,0.887392637,0.452465054,0.760314084,-0.033917086,-0.773304036
Goran Dragic,MIA,PG,75,2378,0.884889366,0.689605642,1.440529699,-2.061167267,-0.564500302
Damion Lee,ATL,SG,15,404,0.880345512,-0.907103536,0.948608162,0.383063077,0.218513699
Garrett Temple,SAC,SG,65,1615,0.850867686,0.470405553,0.060074126,-0.618391698,0.072351086
Willy Hernangomez,CHA,C,47,494,0.842030734,-0.558625508,-0.403056765,0.5143537,0.918006207
Jeff Green,CLE,PF,78,1828,0.792630373,0.94579564,0.398115064,-0.605370308,-0.710662916
Rondae Hollis-Jefferson,BKN,SF,68,1921,0.754537571,1.086645422,-0.974698368,-1.150967864,0.552599673
Kris Dunn,CHI,PG,52,1525,0.706637304,0.697877598,-0.675647627,-1.258749976,0.730082847
Antonius Cleveland,ATL,SG,13,122,0.505287302,-1.08097088,-0.215384904,2.107541802,0.3751165
Tyler Johnson,MIA,PG,72,2052,0.427550459,0.884762056,-0.939751266,-0.564069495,0.322915566
Vince Carter,SAC,SF,58,1026,0.423351025,-0.077091984,-0.568298297,0.341023587,0.521279113
Avery Bradley,LAC,SG,46,1433,0.409996546,0.063889978,-0.783572967,1.202401981,0.124552019
Terry Rozier,BOS,PG,80,2068,0.403907651,0.581539782,0.040568128,-0.145626341,-0.407897502
Treveon Graham,CHA,SG,61,1049,0.389320307,0.144703349,-0.802753421,0.766633277,0.270714633
Yogi Ferrell,DAL,SG,81,2281,0.384544699,1.327511844,-1.798534918,0.45419547,0.072351086
Kevin Love,CLE,C,58,1651,0.338555988,1.032868801,-1.357162091,0.214559917,0.103671646
Mario Hezonja,ORL,SF,75,1657,0.3006422,0.770678617,-0.039700911,-0.312803297,-0.480978809
Jacob Wiley,BKN,PF,4,33,0.24228193,-1.230601166,0.952578004,0.57718584,0.228953886
Dante Cunningham,BKN,SF,73,1562,0.141605339,0.519831247,-1.030437456,0.731836521,0.020150152
Damyean Dotson,NYK,SG,36,474,0.078024193,-0.950268797,1.851397511,0.810226369,-0.971667583
Kentavious Caldwell-Pope,LAL,SG,73,2458,0.004553769,1.268029741,-2.161628791,0.77882623,0.145432393
Jordan Mickey,MIA,PF,22,284,-0.031118041,-0.895627605,-0.071689802,0.555109399,0.667441727
Kawhi Leonard,SAS,SF,9,210,-0.031789445,-0.965303094,0.588970865,-0.344447217,0.636121167
Marreese Speights,ORL,C,48,675,-0.035829596,0.29298676,0.785254867,0.588487218,-1.253552623
Luis Montero,DET,SG,1,8,-0.087700682,-1.268045348,0.662514522,1.145209041,0.114111833
Tim Frazier,WAS,PG,55,838,-0.097331726,-0.002132693,-1.187555766,-0.564666811,1.241651995
Frank Ntilikina,NYK,PG,78,1706,-0.131148016,0.370465966,0.135192484,-0.217009373,-0.418337688
Alan Williams,PHX,PF,5,70,-0.137955103,-1.201095439,0.748652702,0.019908079,0.521279113
Mike Conley,MEM,PG,12,373,-0.149714117,-0.816596488,0.65588977,1.548354179,-0.554060115
Semi Ojeleye,BOS,PF,71,1150,-0.193188372,0.063077767,0.541745241,-0.467343753,-0.345256382
Tyreke Evans,MEM,PG,52,1607,-0.295813527,0.117350305,0.985737523,0.077333399,-1.07606945
Shabazz Napier,POR,PG,72,1535,-0.317342258,0.440068483,-0.156446729,-0.077800039,-0.376576942
Dwayne Bacon,CHA,SG,47,713,-0.327566977,-0.753607379,0.282728386,0.338834651,0.239394073
Terrence Ross,ORL,SG,24,600,-0.36816689,-0.615197024,0.444376384,0.705150804,-0.230414328
Vander Blue,LAL,SG,3,45,-0.386464609,-1.23980606,0.19882545,1.683250005,0.103671646
Channing Frye,LAL,C,52,695,-0.414780283,-0.286587406,-0.473025816,0.815046572,0.134992206
Reggie Bullock Jr.,DET,SF,61,1732,-0.451933398,0.18640665,0.169946235,-0.037149087,-0.460098435
Jared Dudley,PHX,PF,48,686,-0.464040152,-0.39411762,-1.068229034,-0.683415341,1.471336102
Jawun Evans,LAC,PG,47,778,-0.495263222,-0.231096818,-0.267955486,0.433908459,0.072351086
Mike Scott,WAS,PF,76,1406,-0.508967958,0.063499456,0.864561393,0.558097961,-1.23267225
Bogdan Bogdanovic,SAC,SG,78,2175,-0.539601029,0.803148495,-0.751962879,0.290958821,-0.501859182
James Young,PHI,SG,5,61,-0.553605436,-1.242900846,1.579742309,1.552444958,-1.034308703
Wes Iwundu,ORL,SF,57,1020,-0.555406169,-0.287038321,-0.292359296,-0.518529857,0.604800607
Doug McDermott,DAL,SF,79,1768,-0.55605841,-0.175951454,1.213189385,0.153114639,-1.096949823
Jonas Jerebko,UTA,PF,74,1134,-0.597306391,-0.015816066,-0.371367354,0.462637637,-0.105132088
Patrick Beverley,LAC,SG,11,334,-0.600286332,-0.661013879,-0.090047846,-0.242086466,0.65700154
Dennis Smith Jr.,DAL,PG,69,2049,-0.646426813,0.933290971,-0.865697377,0.023731935,-0.439218062
JJ Redick,PHI,SG,70,2116,-0.684589494,0.098474766,0.543980515,-0.096890142,-0.731543289
Tyler Lydon,DEN,PF,1,2,-0.689544231,-1.269577739,-0.264536165,3.189985323,-0.334816195
Brandon Paul,SAS,SG,44,576,-0.718419225,-0.158304493,-0.336315239,-0.539968125,0.46907818
Luke Kornet,NYK,C,20,326,-0.79286892,-0.840749164,0.564035985,-0.328570193,0.270714633
Jeremy Lamb,CHA,SG,80,1967,-0.831490543,0.552993985,-0.567257462,-0.37933948,-0.167773208
E'Twaun Moore,NOP,SG,82,2586,-0.846308382,1.032134819,-0.376405389,0.192766734,-1.096949823
Larry Drew II,NOP,PG,9,70,-0.86126579,-1.245951678,1.086393315,1.403114228,-0.648021795
Jeff Teague,MIN,PG,70,2311,-0.897296488,1.290522146,-1.708158217,-0.309970774,-0.011170408
Jerian Grant,CHI,PG,73,1686,-0.926234512,0.306301553,-0.119101848,0.118291278,-0.574940489
Buddy Hield,SAC,SG,80,2024,-0.927759154,0.900888012,-0.923034165,0.163587259,-0.522739555
Tyus Jones,MIN,PG,82,1467,-0.929585612,0.897234849,-1.628828034,-0.428832676,0.364676313
Elfrid Payton,PHX,PG,63,1809,-0.930614581,0.69774763,-1.221917,0.564973501,-0.272175075
Dillon Brooks,MEM,SF,82,2350,-0.961570311,1.215598621,-0.913492537,0.560621599,-1.055189076
Bradley Beal,WAS,SG,82,2977,-0.971634536,1.391571997,-0.602751387,-0.023611326,-1.20135169
Darren Collison,IND,PG,69,2018,-0.981793513,0.602814388,-0.852645679,-1.2310754,0.395996873
Tyler Ennis,LAL,PG,50,683,-0.995250766,-0.551774305,0.120418913,-0.469122342,0.354236126
Andrew Bogut,LAL,C,23,216,-1.044850378,-0.950951527,0.41665624,-1.700950067,1.105929568
Joe Johnson,HOU,SF,55,1205,-1.07393389,-0.285696622,1.042892875,0.561746652,-1.222232063
Vincent Hunter,MEM,PF,3,7,-1.120818247,-1.264980566,0.037325825,1.617597835,0.051470712
Tristan Thompson,CLE,C,53,1072,-1.127133989,0.002741094,-0.99967871,0.221634457,0.34379594
Sam Dekker,LAC,PF,71,883,-1.262216932,-0.348722287,0.074707659,0.108761016,-0.188653581
Danuel House Jr.,PHX,SG,22,403,-1.289702983,-0.916432065,0.145665434,0.021814164,0.354236126
Lauri Markkanen,CHI,PF,68,2020,-1.321641151,0.64896496,-1.522683827,0.715209148,-0.178213395
Danilo Gallinari,LAC,SF,21,671,-1.335082061,-0.494812996,0.398650003,-0.396341959,-0.084251714
Patty Mills,SAS,PG,82,2107,-1.376156457,0.358838843,-0.66453508,0.559683,-0.543619929
Eric Gordon,HOU,SG,69,2154,-1.435899406,0.353909571,0.786502573,0.157593412,-1.566758224
Okaro White,CLE,PF,5,80,-1.448985062,-1.115000793,-0.302500312,2.291648508,-0.261734888
Derrick Jones Jr.,MIA,SF,17,245,-1.542117112,-1.017225434,-0.02159175,1.231742846,-0.094691901
Myke Henry,MEM,SF,20,378,-1.550421953,-0.750898004,-0.006940422,0.08448209,0.197633326
Malcolm Delaney,ATL,PG,52,1014,-1.591406091,0.101951901,-0.499452195,0.049288158,-0.240854515
DeAndre' Bembry,ATL,SF,26,455,-1.608268841,-0.737412571,-0.948207874,-0.249747137,1.116369754
Joe Harris,BKN,SG,78,1975,-1.626257681,0.408425647,0.223152123,-0.350488495,-0.961227396
Ron Baker,NYK,SG,28,385,-1.656576589,-0.730141826,-0.056290295,-0.864286664,0.65700154
Caleb Swanigan,POR,PF,26,189,-1.748643901,-1.06707687,-0.1250187,0.760608613,0.208073513
Cheick Diallo,NOP,PF,50,581,-1.807772657,-0.60846968,-0.823285187,-0.180667993,0.78228378
DeAndre Liggins,NOP,SG,49,723,-1.866656045,-0.037538964,-1.539696736,-0.773296595,1.085049194
Justin Anderson,PHI,SF,35,519,-1.871650753,-0.782477243,1.281583258,1.064167187,-1.441475984
Devin Harris,DEN,PG,69,1340,-1.899579917,0.504750935,-0.59577743,-0.028643254,-0.627141422
Kelly Oubre Jr.,WAS,SF,81,2231,-1.964058044,1.658819848,-1.403034548,-0.512328634,-0.888146089
C.J. Williams,LAC,SG,36,706,-1.99764021,-0.488823185,-0.194733021,0.452150295,-0.240854515
Juancho Hernangomez,DEN,PF,22,277,-2.057491248,-0.954453201,0.297738104,0.773288907,-0.366136755
Cedi Osman,CLE,SF,50,672,-2.059230598,-0.527922585,0.12091584,-1.080811268,0.28115482
Malcolm Brogdon,MIL,PG,48,1436,-2.065555857,-0.071659131,-0.349454649,-0.023422918,-0.313935822
Damien Wilkins,IND,SF,12,152,-2.091336171,-1.194045776,0.707626317,1.736945036,-0.961227396
Caris LeVert,BKN,SF,71,1864,-2.128136781,1.067287861,-0.805370971,-0.7062013,-0.752423662
Jason Smith,WAS,C,31,285,-2.169586406,-0.854143,0.345041157,0.231176618,-0.272175075
Langston Galloway,DET,SG,56,863,-2.202989895,-0.429032193,0.409639568,-1.479791075,0.093231459
Chinanu Onuaku,HOU,C,1,22,-2.2081647,-1.259103003,-0.296585643,2.940851069,-0.700222729
Frank Kaminsky,CHA,PF,78,1835,-2.212621598,0.617768289,-1.519102131,0.282047898,-0.230414328
Torrey Craig,DEN,SF,39,629,-2.377951537,-0.726088464,0.193239113,0.089160864,-0.272175075
Kyle Collinsworth,DAL,SF,29,480,-2.379279339,-0.725517553,-0.941631377,0.141111802,0.646561353
James Webb III,BKN,SF,9,120,-2.486357702,-1.161032572,0.092926018,0.678120075,-0.084251714
Luke Babbitt,MIA,SF,47,715,-2.487088,-0.502729778,-0.453588358,0.605970889,-0.251294701
Julyan Stone,CHA,SG,14,175,-2.502591041,-1.098935451,-0.302692556,-0.19651712,0.615240793
Tyrone Wallace,LAC,PG,29,851,-2.551071168,-0.355095148,0.263552086,0.847643847,-1.13871057
Matt Williams Jr.,MIA,SG,1,11,-2.602899917,-1.258626901,0.857911622,-0.52112283,-0.063371341
Derrick White,SAS,PG,12,139,-2.644327609,-1.096851282,0.701691752,-0.570165334,-0.084251714
Lance Stephenson,IND,SG,81,1850,-2.702252031,0.110822087,-0.415262695,-0.034997446,-0.648021795
Tony Snell,MIL,SG,75,2053,-2.720497862,0.50169663,-0.598480553,-0.231222094,-0.794184409
Austin Rivers,LAC,SG,61,2057,-2.788507954,0.511523662,-0.315209157,-0.016641771,-1.17003113
Nicolas Batum,CHA,SG,64,1981,-2.79362476,0.410087946,-1.50824896,-0.042101451,-0.063371341
Raymond Felton,OKC,PG,82,1365,-2.798910841,0.21577157,0.172488058,-0.203140791,-1.190911503
Nicolas Brussino,ATL,SF,1,10,-2.81973391,-1.262569929,0.343008109,-0.217227715,0.145432393
Marcus Paige,CHA,PG,5,28,-2.859026451,-1.253961275,0.205768178,-0.07366758,0.166312766
Aaron Harrison,DAL,SG,9,233,-2.896574462,-1.017616059,-0.215657075,0.61123399,-0.073811528
Dorian Finney-Smith,DAL,PF,21,448,-2.918172647,-0.851058078,-0.028021486,-0.236930103,0.020150152
Zach LaVine,CHI,SG,24,656,-2.959683602,-0.814677658,-0.298279121,1.157083147,-0.501859182
Troy Williams,NYK,SF,18,307,-3.008693795,-0.915214529,0.446358003,0.251464541,-0.585380675
Omari Johnson,MEM,PF,4,75,-3.02409479,-1.186425673,-0.449283144,1.629063168,-0.261734888
Isaiah Canaan,PHX,SG,20,422,-3.042327012,-0.762921733,-0.32501986,0.333110894,-0.146892835
Jameer Nelson,DET,PG,48,1013,-3.055556046,-0.349121069,0.656470958,-0.03021011,-1.20135169
Norman Powell,TOR,SG,64,1061,-3.103824808,-0.327103491,0.014651294,0.023658197,-0.731543289
Jarrett Jack,NYK,PG,62,1548,-3.14733885,-0.025777695,-0.338251823,-0.520959855,-0.480978809
Bruno Caboclo,SAC,SF,10,106,-3.157769375,-1.165268153,0.480987455,-0.950675314,0.187193139
CJ Miles,TOR,SF,70,1336,-3.173608918,0.085271551,0.194245794,-0.416125726,-1.096949823
Shane Larkin,BOS,PG,50,775,-3.177968597,-0.224264826,-1.078890277,0.004212584,0.061910899
Georgios Papagiannis,POR,C,16,122,-3.230627501,-1.102535757,-1.783564048,2.398975834,0.31247538
Bobby Portis,CHI,PF,73,1642,-3.255310507,0.512896768,-0.640727871,-0.226546337,-0.950787209
Jamil Wilson,LAC,SF,14,274,-3.27135483,-0.865065552,0.479537793,-1.332062823,0.041030526
Bojan Bogdanovic,IND,SF,80,2464,-3.289135554,0.648969888,-1.325030127,-0.174193037,-0.554060115
Will Barton,DEN,SG,81,2683,-3.306442379,0.749890308,-1.4984454,0.360821909,-0.783744222
Ryan Arcidiacono,CHI,PG,23,304,-3.363737372,-0.838339155,-0.922042923,-0.217795905,0.59436042
Jamal Murray,DEN,PG,81,2565,-3.376649542,1.415412237,-2.720198661,0.142253029,-0.345256382
Aaron Jackson,HOU,PG,1,34,-3.40641206,-1.249208454,-0.777919268,3.112376467,-0.794184409
Mike James,NOP,PG,34,686,-3.46880732,-0.570694856,-0.614449604,0.209360962,-0.178213395
Rodney McGruder,MIA,SG,16,299,-3.497554553,-1.013369344,-0.600379213,0.488324383,0.103671646
Erik McCree,UTA,SF,1,8,-3.507100933,-1.252136331,0.656564539,-0.070513108,-0.428777875
Reggie Hearn,DET,SG,2,7,-3.53628958,-1.267405154,0.758041993,-1.2099412,0.061910899
Wade Baldwin IV,POR,PG,4,80,-3.53741077,-1.200687075,-0.181160642,0.576179256,-0.115572275
Courtney Lee,NYK,SG,76,2310,-3.575393987,0.697247396,-0.645943151,-0.006490258,-1.347514303
Deyonta Davis,MEM,C,62,943,-3.584110832,-0.135470444,-0.12050797,-0.350131272,-0.783744222
Stephen Curry,GSW,PG,51,1631,-3.595130016,0.565210853,-1.070264532,-1.407854413,-0.167773208
Jack Cooley,SAC,PF,7,87,-3.612522963,-1.154111956,0.238382712,-0.39156694,-0.052931154
Tony Parker,SAS,PG,55,1071,-3.630671219,-0.586974632,-0.405033509,0.557558237,-0.564500302
Marquis Teague,MEM,PG,3,74,-3.677881562,-1.197244647,-0.782089187,1.685998515,-0.219974141
Kyle Korver,CLE,SG,73,1574,-3.751448733,0.252009381,-0.915196795,0.025190732,-0.752423662
Jerryd Bayless,PHI,SG,39,925,-3.756103446,-0.47906828,0.505094124,-0.736746004,-0.825504969
Bryn Forbes,SAS,SG,74,1517,-3.758475095,-0.271727053,-0.287847412,0.0641578,-0.773304036
Nate Wolters,UTA,PG,4,19,-3.774391004,-1.256454315,-0.271049402,1.264191968,-0.407897502
Paul Zipser,CHI,SF,52,824,-3.787920405,-0.439453658,-1.171175846,-0.298483598,0.302035193
Jeremy Evans,ATL,SF,1,5,-3.808407572,-1.268045348,-0.090411783,0.024016821,0.061910899
Jahlil Okafor,BKN,C,28,353,-3.841955409,-0.862460949,-0.122621846,-1.194321604,0.28115482
Jonathan Gibson,BOS,PG,3,40,-3.860784492,-1.248931954,0.101692327,0.862640598,-0.554060115
Demetrius Jackson,PHI,PG,10,80,-3.869131226,-1.21071853,-0.473526812,1.718467453,-0.543619929
Xavier Rathan-Mayes,MEM,SG,5,118,-3.930087664,-1.136240039,-1.413048135,1.737517448,0.134992206
Reggie Jackson,DET,PG,45,1201,-3.932087411,-0.137213224,-0.494993271,-0.95674585,-0.282615261
Jason Terry,MIL,SG,49,814,-3.954744224,-0.479215261,-1.024316443,-0.783745675,0.40643706
Damian Jones,GSW,C,13,89,-3.960215276,-1.172748663,0.68266786,0.176823233,-0.804624596
Cristiano Felicio,CHI,C,54,977,-3.991982738,-0.31237214,-0.251888378,-0.529523726,-0.543619929
Isaiah Taylor,ATL,PG,65,1167,-3.99426,-0.300301884,0.056904876,-0.067579913,-1.04474889
Ian Clark,NOP,SG,71,1454,-3.996201578,-0.209464958,0.326805931,0.489798041,-1.639839531
Jarell Eddie,CHI,SF,2,9,-4.003430961,-1.253083029,-0.699326845,0.878935027,0.061910899
David Nwaba,CHI,SG,70,1646,-4.016303194,0.404179458,-1.222059557,-0.863017554,-0.293055448
Al Jefferson,IND,C,36,484,-4.018533697,-0.539501529,-1.352824531,-0.554913069,0.604800607
Raul Neto,UTA,PG,40,498,-4.037303228,-0.639596166,0.476408273,-1.390561938,-0.407897502
Isaiah Hicks,NYK,PF,18,239,-4.056172695,-1.037597157,0.097938923,-0.289562952,-0.251294701
Emeka Okafor,NOP,C,25,353,-4.099309966,-0.725802429,-0.663022033,-2.617774973,1.220771621
Justin Jackson,SAC,SF,68,1506,-4.139793807,-0.274163704,-0.995678844,0.493408721,-0.522739555
Rajon Rondo,NOP,PG,64,1705,-4.157101615,0.47291563,-0.942271765,-0.558410577,-0.794184409
Timothe Luwawu-Cabarrot,PHI,SF,50,807,-4.168132013,-0.533876087,0.871792047,0.136570187,-1.650279717
Shaun Livingston,GSW,PG,71,1129,-4.173293473,-0.289359992,0.556455198,-1.584292923,-0.773304036
Davon Reed,PHX,SG,21,242,-4.176539322,-0.991297524,-0.776478046,-0.028183315,0.260274446
Andre Ingram,LAL,SG,2,64,-4.190977238,-1.123984276,-0.29258053,-0.307486096,0.124552019
Iman Shumpert,SAC,SG,14,276,-4.197482986,-0.946666516,-1.087255821,1.09648788,-0.094691901
Quincy Pondexter,CHI,SF,19,196,-4.201495957,-1.058890446,0.207696157,-1.675207808,0.322915566
De'Aaron Fox,SAC,PG,72,2026,-4.218451918,0.869650673,-0.876200106,-0.396240508,-1.347514303
Marcus Morris Sr.,BOS,PF,54,1442,-4.258048977,0.062348339,0.283171423,-0.698559014,-1.368394677
PJ Dozier,OKC,PG,1,3,-4.285483192,-1.268045348,0.345667127,-0.081214972,-0.407897502
Frank Mason III,SAC,PG,50,984,-4.324348221,-0.522838634,-1.228533778,0.232675566,-0.011170408
Isaiah Whitehead,BKN,PG,15,180,-4.348181994,-1.105789716,-0.174752999,0.085755464,-0.240854515
Jose Calderon,CLE,PG,49,914,-4.372639942,-0.0591712,-1.137786441,-0.10552553,-0.397457315
Glenn Robinson III,IND,SF,23,338,-4.37634538,-0.964738374,0.150556235,-0.548501132,-0.345256382
Jake Layman,POR,SF,23,160,-4.429553186,-1.156027035,-0.364233061,0.510423864,-0.272175075
Tony Allen,NOP,SF,20,272,-4.429778483,-0.997668373,-0.437994567,0.942903386,-0.585380675
Zhou Qi,HOU,C,17,124,-4.438405933,-1.097282335,0.641089617,-1.288505164,-0.272175075
Nick Collison,OKC,PF,14,75,-4.458280504,-1.128597123,-0.502279901,0.875294295,-0.376576942
Kyle Singler,OKC,SF,9,59,-4.519517979,-1.224734151,-0.116855692,0.133805204,-0.251294701
Matt Costello,SAS,C,4,32,-4.535312406,-1.239850015,-0.161080068,-0.148632112,-0.063371341
Thomas Bryant,LAL,C,12,72,-4.544210273,-1.173249849,-1.088777294,0.945192087,0.093231459
Gary Payton II,LAL,PG,20,221,-4.565978125,-1.027324957,-1.391777674,1.394395515,-0.032050781
Ivan Rabb,MEM,PF,34,516,-4.569885827,-0.684122495,-1.022213379,0.298248701,-0.136452648
Sterling Brown,MIL,SG,51,776,-4.585808566,-0.500050395,-0.523203899,0.152705915,-0.668902169
Jabari Bird,BOS,SG,8,115,-4.610794941,-1.171851547,-0.14175437,0.050447233,-0.272175075
Dion Waiters,MIA,SG,30,918,-4.655472943,-0.525739668,-0.067674872,0.066598446,-1.002988143
Omer Asik,CHI,C,18,182,-4.682119393,-1.099521149,0.227515995,-1.696830607,0.197633326
Ben McLemore,MEM,SG,55,1091,-4.755607146,-0.190859514,-0.710829083,0.882254275,-1.243112437
Jonathon Simmons,ORL,SG,69,2029,-4.756231413,0.601050181,-1.085147376,0.652695597,-1.60851897
Shelvin Mack,ORL,PG,67,1365,-4.788242569,0.342059558,-1.190315276,-0.575498071,-0.658461982
Tyler Ulis,PHX,PG,69,1658,-4.808258406,0.478788094,-2.297152974,0.940669715,-0.637581609
Josh Jackson,PHX,SF,77,1959,-4.833668277,0.840954302,-1.604173138,0.652219741,-1.441475984
Tyler Dorsey,ATL,SG,52,974,-4.965508341,-0.539075128,-0.03886497,0.151768199,-1.159590943
Zach Randolph,SAC,PF,59,1508,-5.010270536,0.074655913,-1.529771856,0.460573034,-0.700222729
Alfonzo McKinnie,TOR,SF,7,53,-5.014110103,-1.236785232,0.548809229,0.556210607,-1.17003113
Josh Gray,PHX,PG,5,86,-5.026896091,-1.16654022,-1.285986031,0.166089699,0.479518367
Ramon Sessions,WAS,PG,24,392,-5.05592764,-1.01953454,0.215347971,-0.644983521,-0.522739555
Evan Fournier,ORL,SF,57,1837,-5.064253513,0.334230737,-1.201413529,0.79891662,-1.42059561
MarShon Brooks,MEM,SG,7,193,-5.139236088,-1.088731709,-1.017898514,2.161454607,-0.856825529
Malik Beasley,DEN,SG,44,583,-5.168568717,-0.637688016,0.023093273,-0.787499403,-0.710662916
Daniel Hamilton,OKC,SG,3,28,-5.176378459,-1.248485856,-0.22387529,0.360255466,-0.470538622
London Perrantes,CLE,PG,5,66,-5.195730661,-1.219606373,-0.621694845,0.138293062,-0.063371341
Malachi Richardson,TOR,SG,26,323,-5.217971187,-1.007539647,-0.463340954,-1.37892512,0.34379594
Joe Young,IND,PG,45,558,-5.252906164,-0.738688298,0.895730083,-0.070722271,-1.723361024
Nigel Hayes,SAC,SF,7,122,-5.292951333,-1.151154076,0.400715744,-2.352093415,0.228953886
Kenneth Faried,DEN,PF,32,461,-5.34250349,-0.546444761,-1.419729168,0.859393425,-0.480978809
Luol Deng,LAL,SF,1,13,-5.344840215,-1.257972756,0.407085583,-1.494612722,-0.115572275
Jon Leuer,DET,PF,8,136,-5.35708072,-1.175765163,-0.932135202,-0.667095631,0.50039874
Alex Poythress,IND,PF,20,104,-5.366266982,-1.181702141,0.966571952,-1.257571847,-0.783744222
Kendrick Perkins,CLE,C,1,15,-5.539927747,-1.242370242,-0.203745956,-0.742225405,-0.063371341
Luke Kennard,DET,SG,71,1463,-5.5643434,-0.13179617,-0.867544693,-0.829300754,-0.585380675
Dennis Schroder,ATL,PG,67,2078,-5.612922543,1.29076117,-1.466862737,-2.060646548,-0.909026463
Michael Beasley,NYK,PF,72,1653,-5.638548628,0.221563186,-0.308536591,-0.763218426,-1.462356357
Kyrie Irving,BOS,PG,59,1931,-5.654168854,0.623369089,-1.079642267,-0.647033936,-1.284873183
Kay Felder,DET,PG,12,140,-5.704620531,-1.082481969,0.197047304,-2.42443636,0.228953886
Jameel Warney,DAL,PF,3,27,-5.741698946,-1.255844125,-0.12715866,-1.353283987,0.124552019
Alex Abrines,OKC,SG,69,1134,-5.809824871,-0.018873389,-1.047425164,-0.104665283,-0.992547956
Terrance Ferguson,OKC,SG,54,763,-5.839824385,-0.519283805,-0.072050557,-0.4153825,-1.159590943
D.J. Augustin,ORL,PG,74,1760,-5.908623644,0.259836405,-1.327730088,-0.302536595,-0.971667583
Richard Jefferson,DEN,SF,18,163,-5.921128856,-1.119893246,-0.137477193,-1.247359542,-0.115572275
Furkan Korkmaz,PHI,SG,12,80,-5.938052368,-1.213714859,-1.446661287,2.739643956,-0.929906836
Marco Belinelli,PHI,SG,80,1947,-5.993611419,0.28981249,-0.814448232,-0.209717999,-1.504117104
Andrew White III,ATL,SF,14,209,-5.999020023,-1.112576114,-1.209642814,0.974150414,-0.366136755
Chandler Parsons,MEM,SF,36,691,-6.014956864,-0.608566412,-0.94186288,0.407062613,-0.815064782
Charles Cooke,NOP,SG,7,38,-6.016197295,-1.238859361,-0.467337469,0.479218778,-0.616701235
Johnny O'Bryant III,CHA,PF,33,379,-6.028191257,-0.668000735,-1.548684187,0.38005664,-0.240854515
Solomon Hill,NOP,SF,12,187,-6.03120295,-1.065341345,-0.509382362,0.025210809,-0.533179742
Guerschon Yabusele,BOS,PF,29,235,-6.169395133,-0.979086761,-0.532804329,-0.492715094,-0.387017128
Alec Peters,PHX,PF,19,225,-6.219160593,-0.952056684,-0.208279441,-1.016425169,-0.439218062
Walt Lemon Jr.,NOP,PG,5,35,-6.235062982,-1.257764709,-0.041894631,-0.484114996,-0.543619929
Darius Miller,NOP,SF,81,1944,-6.235693073,0.271665229,0.38009383,-0.342079213,-2.495934839
Adreian Payne,ORL,PF,4,43,-6.31455209,-1.225402247,-1.100183691,0.138844146,-0.032050781
Mirza Teletovic,MIL,PF,10,159,-6.324657534,-1.053763639,-0.796119247,0.242553071,-0.512299369
Malcolm Miller,TOR,SF,13,126,-6.459767033,-1.142268922,-0.255884254,-0.069772058,-0.762863849
Marshall Plumlee,MIL,C,6,52,-6.54264413,-1.193909585,0.504419329,-2.165890448,-0.324376008
Dwight Buycks,DET,PG,27,427,-6.54912659,-0.760773903,0.359501857,-1.834457159,-0.804624596
Tyler Cavanaugh,ATL,PF,37,518,-6.563498155,-0.529654893,-1.826597284,0.188801812,-0.230414328
Kadeem Allen,BOS,PG,11,107,-6.576038204,-1.179915646,0.11830267,-1.468211411,-0.376576942
Jamel Artis,ORL,SG,12,279,-6.607584374,-1.096612137,-0.396121526,-0.631432563,-0.460098435
Brice Johnson,MEM,PF,13,98,-6.61657089,-1.121280537,0.469946441,-2.845867946,-0.052931154
Antonio Blakeney,CHI,SG,17,314,-6.644298203,-1.039046553,-0.092125351,-1.006255055,-0.595820862
JR Smith,CLE,SG,80,2244,-6.647364615,0.76243068,-2.18230378,0.10431895,-1.211791876
Henry Ellenson,DET,PF,32,329,-6.686553135,-0.951508055,-0.890189499,-0.819011894,-0.126012461
Lorenzo Brown,TOR,PG,11,139,-6.696796329,-1.159729323,0.304205301,-1.460439351,-0.595820862
James Michael McAdoo,PHI,PF,3,18,-6.71948792,-1.257124514,-0.405121624,0.04759746,-0.668902169
Tony Bradley,UTA,C,8,29,-6.76602698,-1.242246701,-0.119736539,-1.282280204,-0.272175075
Arron Afflalo,ORL,SG,51,682,-6.78415995,-0.842447622,0.227061994,-0.41688424,-1.399715237
Nik Stauskas,BKN,SG,36,523,-6.793507077,-0.88190193,-0.692990346,-0.063608875,-0.773304036
Josh Smith,NOP,PF,3,12,-6.813889608,-1.260635394,-0.134887628,-0.959834192,-0.418337688
Xavier Silas,BOS,SG,1,7,-6.829199254,-1.262569929,-0.333251465,-0.760847399,-0.355696568
Patrick McCaw,GSW,SG,55,961,-6.871551063,-0.168909934,-1.518976657,0.586715102,-1.149150756
Rodney Purvis,ORL,SG,16,290,-6.877631266,-1.073233157,0.965178573,-1.498386158,-1.274432997
Wayne Ellington,MIA,SG,77,2041,-6.894085875,0.172106042,-0.857370319,-0.60748646,-1.45191617
Abdel Nader,BOS,SF,39,522,-6.983463824,-0.746409712,-0.88084072,-0.983362122,-0.355696568
Jordan Clarkson,CLE,SG,81,1887,-6.99793244,0.292901677,-0.624388476,-0.659320273,-1.775561957
Alec Burks,UTA,SG,60,1059,-7.109262141,-0.33488449,-1.74349682,-0.36899645,-0.397457315
Tim Quarterman,HOU,SG,2,13,-7.150412351,-1.266512957,-0.360512765,-0.295256707,-0.668902169
Markelle Fultz,PHI,SG,14,253,-7.183561183,-1.009749459,0.251303628,-2.038500273,-0.574940489
Darrell Arthur,DEN,PF,17,141,-7.20274491,-1.061219014,-0.33764445,-1.342616905,-0.387017128
Milton Doyle,BKN,SG,8,125,-7.276653776,-1.099647373,-0.160891451,-2.778922006,0.197633326
Aaron Brooks,MIN,PG,19,189,-7.290292054,-1.058416446,-1.180475466,0.958628732,-0.867265716
Nick Young,GSW,SG,80,1393,-7.302384808,-0.01552908,-0.478500851,-0.258888939,-1.890404011
Anthony Brown,MIN,SF,1,4,-7.339829185,-1.269577739,-1.00911076,0.039180426,-0.355696568
Meyers Leonard,POR,C,32,254,-7.413086708,-0.97883548,-1.373774388,-1.048268771,0.176752953
Milos Teodosic,LAC,PG,45,1134,-7.481471824,0.054087574,-1.515969872,0.251104268,-1.410155423
Devin Booker,PHX,SG,54,1865,-7.502382722,0.229864495,-1.15837129,0.458913101,-1.994805878
Ben Moore,IND,PF,2,9,-7.509157663,-1.268491447,-0.826959696,-0.045376945,-0.522739555
Chris McCullough,WAS,PF,14,90,-7.587179705,-1.193085127,-0.516593993,-1.183087919,-0.313935822
Matthew Dellavedova,MIL,PG,38,712,-7.639700924,-0.575740755,-0.916951282,-0.052457672,-1.180471316
Sean Kilpatrick,CHI,SG,45,640,-7.641922653,-0.795695284,-1.593098838,0.093017441,-0.470538622
Quinn Cook,GSW,PG,29,740,-7.828139035,-0.885055208,-0.368666991,0.445475104,-1.639839531
Lou Williams,LAC,SG,78,2589,-7.853669415,0.972307604,0.303349274,-0.418146565,-3.633915187
Rodney Hood,CLE,SG,60,1615,-7.872987062,0.002268873,-1.061565601,-0.225121098,-1.629399344
Ante Zizic,CLE,C,28,214,-7.900335945,-1.031350858,-0.751513692,-2.49309536,0.270714633
Jodie Meeks,WAS,SG,75,1119,-8.159888958,-0.394057941,-0.839236715,-0.850378853,-1.20135169
Georges Niang,UTA,PF,7,32,-8.21705109,-1.240742211,-0.835880586,-0.766739951,-0.418337688
Mangok Mathiang,CHA,C,4,20,-8.278506879,-1.237176828,-0.282447068,-3.031813588,0.228953886
Gerald Green,HOU,SG,39,929,-8.430907926,-0.463631582,-0.886461519,-0.207672046,-1.504117104
Jabari Parker,MIL,PF,31,743,-8.432793053,-0.477481086,-0.305161522,-0.377489304,-1.890404011
D.J. Wilson,MIL,PF,14,71,-8.460977516,-1.203144483,-1.289852475,-0.143531341,-0.470538622
Gordon Hayward,BOS,SF,1,5,-8.515169717,-1.261623231,-0.956914484,-1.014325728,-0.272175075
Xavier Munford,MIL,SG,3,21,-8.549326527,-1.255562119,-1.857583899,0.994786242,-0.543619929
Briante Weber,MEM,PG,15,237,-8.596565161,-0.908205459,-2.469564825,0.912701989,-0.355696568
Derrick Walton Jr.,MIA,PG,14,147,-8.616022422,-1.14299925,-0.280231679,-2.425733126,-0.282615261
Markel Brown,HOU,SG,4,31,-8.623041609,-1.230111113,-0.091384841,-1.485154174,-0.825504969
Marcus Georges-Hunt,MIN,SG,26,224,-8.658324096,-1.005207465,-0.340385998,-1.689643812,-0.752423662
Jeremy Lin,BKN,PG,1,25,-8.886502061,-1.247468016,-1.765345019,-0.485696536,-0.000730221
Shabazz Muhammad,MIL,SG,36,418,-8.912316718,-0.842848334,-0.218804587,-1.697273852,-1.096949823
Darrun Hilliard,SAS,SG,9,95,-8.947606393,-1.204575015,-1.16480327,-0.610863752,-0.501859182
J.J. Barea,DAL,PG,68,1603,-9.044979806,-0.173740076,-2.166032488,0.142327779,-1.10739001
Brandon Jennings,MIL,PG,13,205,-9.219926278,-1.146395035,-1.416439808,0.220556622,-0.856825529
Emmanuel Mudiay,NYK,PG,59,1244,-9.227027572,-0.255370715,-1.150164666,-0.151664885,-1.786002144
T.J. Leaf,IND,PF,53,459,-9.279544574,-0.855418215,-0.591707309,0.187058385,-1.838203078
Rashad Vaughn,ORL,SG,18,212,-9.307499122,-1.129990336,0.482442636,-2.701352771,-1.023868516
Joffrey Lauvergne,SAS,C,48,534,-9.88254518,-0.747843192,-1.856000354,0.236317246,-1.117830196
Jalen Jones,DAL,SF,13,181,-9.965274289,-1.071734681,-2.627543481,0.569705068,-0.345256382
Cole Aldrich,MIN,C,18,49,-10.06386543,-1.195882569,-1.561720671,-1.191140921,-0.261734888
Derrick Rose,MIN,PG,23,419,-10.28744139,-0.956630192,-1.142662116,-0.032362809,-1.504117104
D'Angelo Russell,BKN,PG,48,1234,-10.341027,-0.156635077,-1.221399176,-0.430188558,-2.057446998
Trey Burke,NYK,PG,33,785,-10.45810976,-0.653288881,-1.229970868,0.436708908,-2.026126438
Johnathan Motley,DAL,PF,10,176,-10.55859318,-1.122827471,-1.036937986,-2.729630786,-0.167773208
Jordan Crawford,NOP,SG,3,53,-10.66395014,-1.249878653,-1.699197826,-0.00125423,-0.888146089
Wayne Selden,MEM,SG,35,691,-10.74312521,-0.725529279,-1.176136554,0.238814434,-1.994805878
John Holland,CLE,SF,18,174,-10.97365789,-0.966193029,-1.709507695,-1.321684278,-0.606261049
Troy Daniels,PHX,SG,78,1622,-11.23198159,-0.022512273,-1.768072075,0.453932539,-2.475054465
Jaylen Morris,ATL,SG,6,98,-11.4170965,-1.098165078,-0.945813037,-4.046055744,0.103671646
Bobby Brown,HOU,PG,10,115,-11.61735707,-1.217865935,-0.798144506,-0.991578169,-1.493676917
Jacob Pullen,PHI,PG,2,6,-12.90932594,-1.268045348,-0.340523926,-4.248303874,-0.627141422
Kobi Simmons,MEM,PG,30,643,-13.29107546,-0.628533304,-2.739527657,1.077123055,-2.057446998
Malik Monk,CHA,SG,51,853,-13.6560081,-0.677953004,-2.267528494,-0.062794973,-1.953045131
Isaiah Thomas,LAL,PG,32,862,-14.16919851,-0.533263421,-0.121466671,-3.01824838,-2.579456332
Ike Anigbogu,IND,C,8,30,-14.20636807,-1.215876898,-1.552249075,-3.176913244,-0.637581609
Jamal Crawford,MIN,SG,73,1653,-16.85033409,-0.34882829,-2.225622608,-0.4147934,-3.205867533
